n,avg_time
10,0.0000008440
20,0.0000010824
30,0.0000013781
40,0.0000018907
50,0.0000021076
60,0.0000024700
70,0.0000029445
80,0.0000032806
90,0.0000037217
100,0.0000040269
110,0.0000043774
120,0.0000048828
130,0.0000051761
140,0.0000056005
150,0.0000058651
160,0.0000060964
170,0.0000064301
180,0.0000070310
190,0.0000071979
200,0.0000076866
210,0.0000079727
220,0.0000082731
230,0.0000087118
240,0.0000085306
250,0.0000090289
260,0.0000096440
270,0.0000098133
280,0.0000107622
290,0.0000106859
300,0.0000107622
310,0.0000110245
320,0.0000114965
330,0.0000117087
340,0.0000135708
350,0.0000125742
360,0.0000124288
370,0.0000128984
380,0.0000130677
390,0.0000134516
400,0.0000137854
410,0.0000144911
420,0.0000149012
430,0.0000150228
440,0.0000172782
450,0.0000183010
460,0.0000169683
470,0.0000167394
480,0.0000194240
490,0.0000197268
500,0.0000201201
510,0.0000191808
520,0.0000188947
530,0.0000183845
540,0.0000191164
550,0.0000210357
560,0.0000216174
570,0.0000198603
580,0.0000206518
590,0.0000209117
600,0.0000211430
610,0.0000210595
620,0.0000216985
630,0.0000223899
640,0.0000230813
650,0.0000247645
660,0.0000242519
670,0.0000232625
680,0.0000239396
690,0.0000255847
700,0.0000256896
710,0.0000248408
720,0.0000252080
730,0.0000254202
740,0.0000259900
750,0.0000261807
760,0.0000264215
770,0.0000285959
780,0.0000292373
790,0.0000273943
800,0.0000282860
810,0.0000278091
820,0.0000332808
830,0.0000287247
840,0.0000313973
850,0.0000292277
860,0.0000296140
870,0.0000315022
880,0.0000305438
890,0.0000304174
900,0.0000313640
910,0.0000334668
920,0.0000362039
930,0.0000371957
940,0.0000386977
950,0.0000349760
960,0.0000329876
970,0.0000334740
980,0.0000390863
990,0.0000341344
1000,0.0000365138
1010,0.0000356483
1020,0.0000352669
1030,0.0000411701
1040,0.0000363159
1050,0.0000383711
1060,0.0000365138
1070,0.0000375628
1080,0.0000396395
1090,0.0000427318
1100,0.0000444007
1110,0.0000441647
1120,0.0000466514
1130,0.0000428462
1140,0.0000391388
1150,0.0000435734
1160,0.0000406718
1170,0.0000405121
1180,0.0000430036
1190,0.0000415206
1200,0.0000416398
1210,0.0000463581
1220,0.0000451064
1230,0.0000424576
1240,0.0000482702
1250,0.0000511217
1260,0.0000478148
1270,0.0000468946
1280,0.0000447488
1290,0.0000443435
1300,0.0000449204
1310,0.0000453424
1320,0.0000457907
1330,0.0000479794
1340,0.0000462508
1350,0.0000465918
1360,0.0000502825
1370,0.0000562024
1380,0.0000520444
1390,0.0000531292
1400,0.0000480819
1410,0.0000511336
1420,0.0000551462
1430,0.0000583005
1440,0.0000578022
1450,0.0000578237
1460,0.0000586104
1470,0.0000518441
1480,0.0000509953
1490,0.0000538921
1500,0.0000519800
1510,0.0000521040
1520,0.0000543141
1530,0.0000528336
1540,0.0000585508
1550,0.0000533772
1560,0.0000548267
1570,0.0000560856
1580,0.0000556278
1590,0.0000542355
1600,0.0000580335
1610,0.0000556684
1620,0.0000566530
1630,0.0000617623
1640,0.0000661683
1650,0.0000677657
1660,0.0000588131
1670,0.0000595498
1680,0.0000590134
1690,0.0000600600
1700,0.0000620055
1710,0.0000603724
1720,0.0000633025
1730,0.0000599813
1740,0.0000622892
1750,0.0000640464
1760,0.0000631833
1770,0.0000623178
1780,0.0000698876
1790,0.0000617790
1800,0.0000647759
1810,0.0000656676
1820,0.0000634861
1830,0.0000667572
1840,0.0000742960
1850,0.0000744414
1860,0.0000764275
1870,0.0000695205
1880,0.0000667167
1890,0.0000652909
1900,0.0000725484
1910,0.0000759554
1920,0.0000759220
1930,0.0000669217
1940,0.0000700927
1950,0.0000677824
1960,0.0000708437
1970,0.0000710297
1980,0.0000719094
1990,0.0000738955
2000,0.0000731611
2010,0.0000722504
2020,0.0000755692
2030,0.0000713158
2040,0.0000730181
2050,0.0000745797
2060,0.0000732160
2070,0.0000730443
2080,0.0000732827
2090,0.0000756311
2100,0.0000742960
2110,0.0000806117
2120,0.0000859427
2130,0.0000757408
2140,0.0000774622
2150,0.0000763917
2160,0.0000774550
2170,0.0000750637
2180,0.0000766587
2190,0.0000766325
2200,0.0000776172
2210,0.0000781965
2220,0.0000763845
2230,0.0000863123
2240,0.0000901127
2250,0.0000921440
2260,0.0000783110
2270,0.0000816751
2280,0.0000792646
2290,0.0000825524
2300,0.0000796819
2310,0.0000842857
2320,0.0000818753
2330,0.0000853777
2340,0.0000840712
2350,0.0000865555
2360,0.0000871944
2370,0.0000970674
2380,0.0000848341
2390,0.0000850391
2400,0.0000862050
2410,0.0000842857
2420,0.0000889730
2430,0.0000856066
2440,0.0000907779
2450,0.0000873590
2460,0.0000873876
2470,0.0000899601
2480,0.0000858521
2490,0.0000893950
2500,0.0000916529
2510,0.0000883412
2520,0.0000912976
2530,0.0001021934
2540,0.0001040816
2550,0.0000904751
2560,0.0000980759
2570,0.0001062751
2580,0.0000909281
2590,0.0000936103
2600,0.0000927711
2610,0.0000933719
2620,0.0000928617
2630,0.0000967002
2640,0.0000933552
2650,0.0000944257
2660,0.0000975466
2670,0.0000954580
2680,0.0000960684
2690,0.0001084948
2700,0.0001141214
2710,0.0000950670
2720,0.0001005197
2730,0.0000959229
2740,0.0000982118
2750,0.0001003218
2760,0.0000965691
2770,0.0001009583
2780,0.0000997162
2790,0.0001003742
2800,0.0001107478
2810,0.0001065564
2820,0.0001019955
2830,0.0001014519
2840,0.0001041365
2850,0.0001006150
2860,0.0001116514
2870,0.0001178551
2880,0.0001108170
2890,0.0001031971
2900,0.0001068473
2910,0.0001018763
2920,0.0001050282
2930,0.0001059628
2940,0.0001164746
2950,0.0001149654
2960,0.0001034522
2970,0.0001086187
2980,0.0001045012
2990,0.0001078534
3000,0.0001070118
3010,0.0001061487
3020,0.0001091099
3030,0.0001081157
3040,0.0001230001
3050,0.0001248574
3060,0.0001100087
3070,0.0001084304
3080,0.0001116085
3090,0.0001084185
3100,0.0001137877
3110,0.0001284909
3120,0.0001266193
3130,0.0001267099
3140,0.0001124358
3150,0.0001167965
3160,0.0001143932
3170,0.0001312590
3180,0.0001236200
3190,0.0001321769
3200,0.0001282382
3210,0.0001152587
3220,0.0001166844
3230,0.0001186657
3240,0.0001193118
3250,0.0001190639
3260,0.0001202178
3270,0.0001141548
3280,0.0001152492
3290,0.0001172495
3300,0.0001213622
3310,0.0001214385
3320,0.0001212454
3330,0.0001195312
3340,0.0001209569
3350,0.0001183343
3360,0.0001286268
3370,0.0001383257
3380,0.0001202822
3390,0.0001270652
3400,0.0001242423
3410,0.0001259685
3420,0.0001212144
3430,0.0001233673
3440,0.0001199675
3450,0.0001406956
3460,0.0001385188
3470,0.0001243806
3480,0.0001265287
3490,0.0001267767
3500,0.0001277065
3510,0.0001437783
3520,0.0001301956
3530,0.0001261258
3540,0.0001251650
3550,0.0001287222
3560,0.0001288724
3570,0.0001312184
3580,0.0001423597
3590,0.0001423311
3600,0.0001323223
3610,0.0001325250
3620,0.0001331735
3630,0.0001305032
3640,0.0001314807
3650,0.0001319361
3660,0.0001346254
3670,0.0001357150
3680,0.0001354551
3690,0.0001334739
3700,0.0001351237
3710,0.0001481175
3720,0.0001427555
3730,0.0001534343
3740,0.0001324272
3750,0.0001342678
3760,0.0001393437
3770,0.0001374626
3780,0.0001363397
3790,0.0001371098
3800,0.0001387572
3810,0.0001366210
3820,0.0001388669
3830,0.0001398468
3840,0.0001393127
3850,0.0001357412
3860,0.0001401544
3870,0.0001597881
3880,0.0001447964
3890,0.0001426864
3900,0.0001412416
3910,0.0001423860
3920,0.0001421690
3930,0.0001420927
3940,0.0001422930
3950,0.0001648116
3960,0.0001442337
3970,0.0001438594
3980,0.0001406837
3990,0.0001574683
4000,0.0001616836
4010,0.0001427388
4020,0.0001466560
4030,0.0001569438
4040,0.0001691914
4050,0.0001577830
4060,0.0001486611
4070,0.0001483107
4080,0.0001500607
4090,0.0001604104
4100,0.0001622057
4110,0.0001495814
4120,0.0001513147
4130,0.0001517177
4140,0.0001482058
4150,0.0001512599
4160,0.0001490188
4170,0.0001470828
4180,0.0001524258
4190,0.0001714683
4200,0.0001725125
4210,0.0001577353
4220,0.0001521683
4230,0.0001542830
4240,0.0001521540
4250,0.0001527381
4260,0.0001546907
4270,0.0001528502
4280,0.0001636887
4290,0.0001769114
4300,0.0001564741
4310,0.0001586485
4320,0.0001561666
4330,0.0001620364
4340,0.0001713109
4350,0.0001577640
4360,0.0001592302
4370,0.0001609778
4380,0.0001684237
4390,0.0001845789
4400,0.0001560569
4410,0.0001708627
4420,0.0001814866
4430,0.0001591158
4440,0.0001623654
4450,0.0001628447
4460,0.0001626134
4470,0.0001582837
4480,0.0001633883
4490,0.0001608062
4500,0.0001638484
4510,0.0001851439
4520,0.0001901150
4530,0.0001651907
4540,0.0001695466
4550,0.0001750660
4560,0.0001660252
4570,0.0001673365
4580,0.0001630783
4590,0.0001775312
4600,0.0001863217
4610,0.0001652193
4620,0.0001706505
4630,0.0001664686
4640,0.0001681757
4650,0.0001714373
4660,0.0001714611
4670,0.0001884723
4680,0.0001678562
4690,0.0001898980
4700,0.0001684570
4710,0.0001734376
4720,0.0001709318
4730,0.0001741934
4740,0.0001723123
4750,0.0001738477
4760,0.0001725936
4770,0.0001757240
4780,0.0001737857
4790,0.0002021885
4800,0.0001726151
4810,0.0001975489
4820,0.0001779103
4830,0.0001760864
4840,0.0001762486
4850,0.0001791334
4860,0.0001721382
4870,0.0001778221
4880,0.0001869941
4890,0.0001974583
4900,0.0001759744
4910,0.0001819158
4920,0.0001795340
4930,0.0001820803
4940,0.0001800489
4950,0.0001824808
4960,0.0001808214
4970,0.0001792169
4980,0.0001998115
4990,0.0001918721
5000,0.0002043748
5010,0.0001866698
5020,0.0001869583
5030,0.0001879740
5040,0.0001804900
5050,0.0001832771
5060,0.0001797080
5070,0.0001849008
5080,0.0001838064
5090,0.0001848364
5100,0.0001896834
5110,0.0001919770
5120,0.0001976085
5130,0.0001852393
5140,0.0001845288
5150,0.0001904511
5160,0.0001900101
5170,0.0001887417
5180,0.0001909947
5190,0.0001914692
5200,0.0001918030
5210,0.0001908302
5220,0.0001892638
5230,0.0001894045
5240,0.0001862645
5250,0.0001922727
5260,0.0001892686
5270,0.0002072906
5280,0.0002214313
5290,0.0002246952
5300,0.0001909637
5310,0.0001964450
5320,0.0001957250
5330,0.0002028251
5340,0.0002151704
5350,0.0002164292
5360,0.0002099514
5370,0.0001942325
5380,0.0001989031
5390,0.0001976514
5400,0.0001989579
5410,0.0001993203
5420,0.0001965642
5430,0.0002003837
5440,0.0002013493
5450,0.0002167106
5460,0.0002007723
5470,0.0001960063
5480,0.0002005959
5490,0.0002017736
5500,0.0002153754
5510,0.0002210355
5520,0.0002034688
5530,0.0002246189
5540,0.0002006435
5550,0.0001997995
5560,0.0002108717
5570,0.0002209973
5580,0.0002182174
5590,0.0002024770
5600,0.0002068377
5610,0.0002056670
5620,0.0002202296
5630,0.0002229095
5640,0.0002079320
5650,0.0002061009
5660,0.0002014160
5670,0.0002368474
5680,0.0002218127
5690,0.0002082634
5700,0.0002080774
5710,0.0002108407
5720,0.0002167320
5730,0.0002372050
5740,0.0002222896
5750,0.0002161074
5760,0.0002121401
5770,0.0002108884
5780,0.0002247119
5790,0.0002341676
5800,0.0002113533
5810,0.0002109933
5820,0.0002344084
5830,0.0002174997
5840,0.0002211499
5850,0.0002405167
5860,0.0002150941
5870,0.0002192569
5880,0.0002342486
5890,0.0002158070
5900,0.0002149963
5910,0.0002177334
5920,0.0002190328
5930,0.0002220631
5940,0.0002173328
5950,0.0002184963
5960,0.0002211356
5970,0.0002203703
5980,0.0002331018
5990,0.0002396345
6000,0.0002378654
6010,0.0002148104
6020,0.0002216101
6030,0.0002232838
6040,0.0002222896
6050,0.0002567506
6060,0.0002220130
6070,0.0002236795
6080,0.0002342296
6090,0.0002283096
6100,0.0002247453
6110,0.0002273488
6120,0.0002251768
6130,0.0002492404
6140,0.0002261305
6150,0.0002275491
6160,0.0002261209
6170,0.0002260494
6180,0.0002458143
6190,0.0002531314
6200,0.0002325702
6210,0.0002454281
6220,0.0002295089
6230,0.0002314448
6240,0.0002440214
6250,0.0002446032
6260,0.0002297020
6270,0.0002338290
6280,0.0002619982
6290,0.0002420068
6300,0.0002291059
6310,0.0002328467
6320,0.0002339387
6330,0.0002581859
6340,0.0002397203
6350,0.0002303314
6360,0.0002348256
6370,0.0002286887
6380,0.0002417493
6390,0.0002467871
6400,0.0002391815
6410,0.0002365828
6420,0.0002644563
6430,0.0002416015
6440,0.0002398062
6450,0.0002533937
6460,0.0002326608
6470,0.0002336335
6480,0.0002310467
6490,0.0002685690
6500,0.0002332783
6510,0.0002438569
6520,0.0002583051
6530,0.0002434254
6540,0.0002411509
6550,0.0002416730
6560,0.0002610350
6570,0.0002546692
6580,0.0002586508
6590,0.0002449036
6600,0.0002515006
6610,0.0002475643
6620,0.0002442551
6630,0.0002467132
6640,0.0002431750
6650,0.0002687812
6660,0.0002477360
6670,0.0002444077
6680,0.0002473378
6690,0.0002386069
6700,0.0002691913
6710,0.0002463722
6720,0.0002691770
6730,0.0002850080
6740,0.0002811217
6750,0.0002636242
6760,0.0002695203
6770,0.0002490449
6780,0.0002595615
6790,0.0002733707
6800,0.0002496028
6810,0.0002512622
6820,0.0002516437
6830,0.0002786160
6840,0.0002511692
6850,0.0002560711
6860,0.0002517366
6870,0.0002548957
6880,0.0002692747
6890,0.0002657557
6900,0.0002764654
6910,0.0002556109
6920,0.0002540922
6930,0.0002774811
6940,0.0002677178
6950,0.0002572775
6960,0.0002797866
6970,0.0002588391
6980,0.0002895236
6990,0.0002566123
7000,0.0002557826
7010,0.0002823853
7020,0.0002548289
7030,0.0002612305
7040,0.0002892423
7050,0.0002601218
7060,0.0002626014
7070,0.0002586555
7080,0.0002587605
7090,0.0002744842
7100,0.0002581716
7110,0.0002604628
7120,0.0002641034
7130,0.0002632642
7140,0.0002846074
7150,0.0002921557
7160,0.0002631116
7170,0.0002667785
7180,0.0002650499
7190,0.0002678490
7200,0.0002664113
7210,0.0002671957
7220,0.0002655506
7230,0.0002650261
7240,0.0002987719
7250,0.0002700043
7260,0.0002692246
7270,0.0002898407
7280,0.0002665496
7290,0.0002663040
7300,0.0002707219
7310,0.0002716589
7320,0.0002746439
7330,0.0002703547
7340,0.0002757859
7350,0.0003047419
7360,0.0002746606
7370,0.0002724433
7380,0.0002765632
7390,0.0002730846
7400,0.0002753019
7410,0.0002862215
7420,0.0002771354
7430,0.0002783418
7440,0.0003139567
7450,0.0002907133
7460,0.0002746010
7470,0.0002805829
7480,0.0002775121
7490,0.0002762270
7500,0.0002778697
7510,0.0002766228
7520,0.0002771854
7530,0.0002800608
7540,0.0002787542
7550,0.0002990222
7560,0.0003012061
7570,0.0002917695
7580,0.0002831697
7590,0.0003020716
7600,0.0002832389
7610,0.0003057337
7620,0.0002840257
7630,0.0002841711
7640,0.0002821040
7650,0.0002835083
7660,0.0002824545
7670,0.0002840400
7680,0.0002949834
7690,0.0002905822
7700,0.0002850318
7710,0.0003045321
7720,0.0002960491
7730,0.0002920914
7740,0.0002988148
7750,0.0002887797
7760,0.0002942109
7770,0.0002960587
7780,0.0002855062
7790,0.0003035569
7800,0.0002898932
7810,0.0002921915
7820,0.0002906871
7830,0.0002940774
7840,0.0003188562
7850,0.0002923417
7860,0.0002923775
7870,0.0002872181
7880,0.0002926230
7890,0.0003144741
7900,0.0002912307
7910,0.0002971363
7920,0.0002940941
7930,0.0002950883
7940,0.0003324676
7950,0.0003426957
7960,0.0003043079
7970,0.0003213072
7980,0.0002993131
7990,0.0003296065
8000,0.0003011847
8010,0.0003131866
8020,0.0003016043
8030,0.0002997303
8040,0.0002998066
8050,0.0003000736
8060,0.0003293562
8070,0.0003219008
8080,0.0002996349
8090,0.0003018594
8100,0.0002999640
8110,0.0003296590
8120,0.0003042936
8130,0.0003003931
8140,0.0003026366
8150,0.0002991605
8160,0.0003073716
8170,0.0003140736
8180,0.0003095698
8190,0.0003085089
8200,0.0003105354
8210,0.0003141332
8220,0.0003283930
8230,0.0003300929
8240,0.0003093362
8250,0.0003068829
8260,0.0003079581
8270,0.0003076577
8280,0.0003076720
8290,0.0003330994
8300,0.0003106904
8310,0.0003092790
8320,0.0003185487
8330,0.0003128314
8340,0.0003131866
8350,0.0003117394
8360,0.0003256083
8370,0.0003303528
8380,0.0003159785
8390,0.0003423190
8400,0.0003125000
8410,0.0003156829
8420,0.0003117728
8430,0.0003103447
8440,0.0003171349
8450,0.0003055692
8460,0.0003142333
8470,0.0003138375
8480,0.0003155494
8490,0.0003171420
8500,0.0003397369
8510,0.0003580689
8520,0.0003168321
8530,0.0003201151
8540,0.0003331590
8550,0.0003227997
8560,0.0003142715
8570,0.0003187513
8580,0.0003323150
8590,0.0003288150
8600,0.0003215671
8610,0.0003463173
8620,0.0003410125
8630,0.0003264689
8640,0.0003247333
8650,0.0003240299
8660,0.0003227639
8670,0.0003231835
8680,0.0003258157
8690,0.0003269148
8700,0.0003402114
8710,0.0003265357
8720,0.0003654933
8730,0.0003317761
8740,0.0003265500
8750,0.0003314114
8760,0.0003271461
8770,0.0003290558
8780,0.0003305626
8790,0.0003280115
8800,0.0003295183
8810,0.0003294969
8820,0.0003597856
8830,0.0003318739
8840,0.0003302789
8850,0.0003354383
8860,0.0003285742
8870,0.0003330564
8880,0.0003283024
8890,0.0003339052
8900,0.0003543329
8910,0.0003319764
8920,0.0003385234
8930,0.0003467011
8940,0.0003426290
8950,0.0003302789
8960,0.0003367329
8970,0.0003362012
8980,0.0003519917
8990,0.0003736877
9000,0.0003348899
9010,0.0003426313
9020,0.0003650713
9030,0.0003349137
9040,0.0003395295
9050,0.0003404307
9060,0.0003409314
9070,0.0003423953
9080,0.0003372478
9090,0.0003401232
9100,0.0003705549
9110,0.0003444147
9120,0.0003497982
9130,0.0003584218
9140,0.0003415728
9150,0.0003409553
9160,0.0003416371
9170,0.0003387976
9180,0.0003434324
9190,0.0003477788
9200,0.0003759027
9210,0.0003453922
9220,0.0003693295
9230,0.0003498340
9240,0.0003455710
9250,0.0003465652
9260,0.0003499627
9270,0.0003396845
9280,0.0003494239
9290,0.0003463078
9300,0.0003508306
9310,0.0003487754
9320,0.0003616214
9330,0.0003852248
9340,0.0003528023
9350,0.0003515124
9360,0.0003524423
9370,0.0003471637
9380,0.0003546166
9390,0.0003499103
9400,0.0003827047
9410,0.0003493476
9420,0.0003804517
9430,0.0003528118
9440,0.0003555059
9450,0.0003474879
9460,0.0003535891
9470,0.0003560233
9480,0.0003581476
9490,0.0003491640
9500,0.0003649902
9510,0.0003720832
9520,0.0004019403
9530,0.0003591299
9540,0.0003581619
9550,0.0003632927
9560,0.0003596139
9570,0.0003581285
9580,0.0003617930
9590,0.0003654408
9600,0.0003589153
9610,0.0003789616
9620,0.0003713584
9630,0.0003606009
9640,0.0003593779
9650,0.0003653049
9660,0.0003605723
9670,0.0003659463
9680,0.0003633237
9690,0.0003746152
9700,0.0003631663
9710,0.0003972483
9720,0.0003644896
9730,0.0003678989
9740,0.0003650546
9750,0.0003676820
9760,0.0003671908
9770,0.0003674221
9780,0.0003840899
9790,0.0003708076
9800,0.0003936720
9810,0.0003736329
9820,0.0003713679
9830,0.0003734040
9840,0.0003699923
9850,0.0003733420
9860,0.0003686595
9870,0.0003889656
9880,0.0003730321
9890,0.0003787661
9900,0.0003709269
9910,0.0004186893
9920,0.0004149270
9930,0.0003822374
9940,0.0003753495
9950,0.0003699899
9960,0.0003748250
9970,0.0003735781
9980,0.0003829670
9990,0.0003987789
10000,0.0003767180
10010,0.0003798294
10020,0.0003750587
10030,0.0003797722
10040,0.0003763914
10050,0.0003871560
10060,0.0003946280
10070,0.0003797603
10080,0.0004061818
10090,0.0004007936
10100,0.0003770638
10110,0.0003740907
10120,0.0003764701
10130,0.0003816843
10140,0.0003892994
10150,0.0003932261
10160,0.0003814363
10170,0.0003814268
10180,0.0003825736
10190,0.0003907967
10200,0.0003885221
10210,0.0003845954
10220,0.0003866935
10230,0.0003991103
10240,0.0003998423
10250,0.0003871799
10260,0.0004058647
10270,0.0003851652
10280,0.0003886485
10290,0.0003854179
10300,0.0003917503
10310,0.0003835988
10320,0.0003951287
10330,0.0003980470
10340,0.0004027748
10350,0.0004000974
10360,0.0003895140
10370,0.0003918958
10380,0.0003916812
10390,0.0004004073
10400,0.0003858781
10410,0.0004134750
10420,0.0003963447
10430,0.0004048228
10440,0.0004022551
10450,0.0003981495
10460,0.0004119277
10470,0.0003888345
10480,0.0003957701
10490,0.0003906512
10500,0.0004276323
10510,0.0003968477
10520,0.0003984785
10530,0.0003886819
10540,0.0003968191
10550,0.0003980970
10560,0.0004018283
10570,0.0003999209
10580,0.0004005694
10590,0.0004197860
10600,0.0003932977
10610,0.0004267979
10620,0.0003948402
10630,0.0004006314
10640,0.0003996158
10650,0.0003995228
10660,0.0004018760
10670,0.0004210997
10680,0.0004031157
10690,0.0004108262
10700,0.0004097295
10710,0.0004024935
10720,0.0004014492
10730,0.0004048920
10740,0.0004048109
10750,0.0004120588
10760,0.0004124975
10770,0.0004171181
10780,0.0004555726
10790,0.0004332328
10800,0.0004069018
10810,0.0004069734
10820,0.0004066086
10830,0.0004441595
10840,0.0004075241
10850,0.0004099917
10860,0.0004286218
10870,0.0004153061
10880,0.0004666924
10890,0.0004110885
10900,0.0004436398
10910,0.0004175711
10920,0.0004299617
10930,0.0004108715
10940,0.0004089928
10950,0.0004465580
10960,0.0004121375
10970,0.0004118776
10980,0.0004136562
10990,0.0004140711
11000,0.0004341817
11010,0.0004116416
11020,0.0004155350
11030,0.0004437447
11040,0.0004344821
11050,0.0004112673
11060,0.0004502654
11070,0.0004147601
11080,0.0004435134
11090,0.0004192805
11100,0.0004153776
11110,0.0004496408
11120,0.0004165888
11130,0.0004210258
11140,0.0004380417
11150,0.0004204845
11160,0.0004322886
11170,0.0004356766
11180,0.0004202199
11190,0.0004489803
11200,0.0004582143
11210,0.0004218698
11220,0.0004427743
11230,0.0004200029
11240,0.0004254937
11250,0.0004207373
11260,0.0004599977
11270,0.0004581714
11280,0.0004502010
11290,0.0004238629
11300,0.0004243326
11310,0.0004245424
11320,0.0004254723
11330,0.0004248619
11340,0.0004234743
11350,0.0004601264
11360,0.0004246283
11370,0.0004504633
11380,0.0004298353
11390,0.0004612350
11400,0.0004311752
11410,0.0004491377
11420,0.0004266453
11430,0.0004483557
11440,0.0004622412
11450,0.0004342914
11460,0.0004331398
11470,0.0004321384
11480,0.0004335332
11490,0.0004668593
11500,0.0004345798
11510,0.0004374623
11520,0.0004588413
11530,0.0004690480
11540,0.0004499865
11550,0.0004361534
11560,0.0004699469
11570,0.0004759693
11580,0.0004341006
11590,0.0004677081
11600,0.0004338336
11610,0.0004379821
11620,0.0004700375
11630,0.0004418254
11640,0.0004832625
11650,0.0004423881
11660,0.0004627585
11670,0.0004465389
11680,0.0004669023
11690,0.0004681301
11700,0.0004399371
11710,0.0004405951
11720,0.0004425883
11730,0.0004410887
11740,0.0004746175
11750,0.0004683065
11760,0.0004397583
11770,0.0004441619
11780,0.0004769301
11790,0.0004664874
11800,0.0004463673
11810,0.0004424953
11820,0.0004472375
11830,0.0004797053
11840,0.0004645061
11850,0.0004458666
11860,0.0004837942
11870,0.0004428601
11880,0.0004459071
11890,0.0004486752
11900,0.0004651546
11910,0.0004505920
11920,0.0004484200
11930,0.0004473042
11940,0.0004613280
11950,0.0004449344
11960,0.0004478741
11970,0.0004768515
11980,0.0004546237
11990,0.0004505110
12000,0.0004744220
12010,0.0004523659
12020,0.0004506207
12030,0.0004746127
12040,0.0004642749
12050,0.0005116034
12060,0.0004556704
12070,0.0004536772
12080,0.0004555941
12090,0.0004585910
12100,0.0004544187
12110,0.0004544091
12120,0.0004789019
12130,0.0004708171
12140,0.0004744339
12150,0.0005008531
12160,0.0004747844
12170,0.0004613328
12180,0.0004616904
12190,0.0004598117
12200,0.0005195761
12210,0.0004847574
12220,0.0004599214
12230,0.0004625893
12240,0.0004628325
12250,0.0004860044
12260,0.0004559374
12270,0.0004942703
12280,0.0004875469
12290,0.0004608274
12300,0.0005239201
12310,0.0004934573
12320,0.0004609656
12330,0.0004613709
12340,0.0004648519
12350,0.0004953575
12360,0.0004631162
12370,0.0004973698
12380,0.0004870510
12390,0.0004678774
12400,0.0004681420
12410,0.0004832292
12420,0.0004973006
12430,0.0004912496
12440,0.0004884911
12450,0.0004963207
12460,0.0004712725
12470,0.0004674697
12480,0.0004674840
12490,0.0004663515
12500,0.0005034685
12510,0.0004649854
12520,0.0004730678
12530,0.0004674435
12540,0.0004748225
12550,0.0004708862
12560,0.0004954076
12570,0.0004730320
12580,0.0005097318
12590,0.0004823542
12600,0.0004885745
12610,0.0004750443
12620,0.0005131388
12630,0.0004920959
12640,0.0005244088
12650,0.0004787660
12660,0.0005023837
12670,0.0004792118
12680,0.0004813290
12690,0.0005087614
12700,0.0005276179
12710,0.0004826236
12720,0.0004815340
12730,0.0005061722
12740,0.0005131578
12750,0.0004807281
12760,0.0004809666
12770,0.0004814601
12780,0.0005322742
12790,0.0004783630
12800,0.0004851103
12810,0.0004829979
12820,0.0005105352
12830,0.0004833412
12840,0.0004861903
12850,0.0005065727
12860,0.0005326605
12870,0.0004799604
12880,0.0004864120
12890,0.0005114961
12900,0.0004900074
12910,0.0004861760
12920,0.0005102754
12930,0.0004964137
12940,0.0005238509
12950,0.0005105090
12960,0.0004906702
12970,0.0004927301
12980,0.0005421281
12990,0.0004928994
13000,0.0004899979
13010,0.0004928565
13020,0.0005245972
13030,0.0005312681
13040,0.0004924655
13050,0.0004988837
13060,0.0005114961
13070,0.0005187607
13080,0.0004977584
13090,0.0005181456
13100,0.0005545235
13110,0.0004963684
13120,0.0004912710
13130,0.0004998636
13140,0.0005385995
13150,0.0004922438
13160,0.0005311847
13170,0.0004917431
13180,0.0005004811
13190,0.0005273938
13200,0.0005204892
13210,0.0004956627
13220,0.0005068684
13230,0.0005157804
13240,0.0005010557
13250,0.0005041122
13260,0.0005000019
13270,0.0004976869
13280,0.0005224824
13290,0.0004973722
13300,0.0005509377
13310,0.0005070519
13320,0.0005114532
13330,0.0005060744
13340,0.0004994011
13350,0.0005010438
13360,0.0005244493
13370,0.0005217791
13380,0.0005276132
13390,0.0005191827
13400,0.0005322957
13410,0.0005309868
13420,0.0005078268
13430,0.0005045342
13440,0.0005363250
13450,0.0005054712
13460,0.0005064321
13470,0.0005264902
13480,0.0005068016
13490,0.0005121017
13500,0.0005407572
13510,0.0005381036
13520,0.0005470610
13530,0.0005143929
13540,0.0005067015
13550,0.0005105019
13560,0.0005094552
13570,0.0005297446
13580,0.0005073762
13590,0.0005121350
13600,0.0005428171
13610,0.0005406499
13620,0.0005103350
13630,0.0005577540
13640,0.0005408430
13650,0.0005139804
13660,0.0005119967
13670,0.0005123615
13680,0.0005892658
13690,0.0005411959
13700,0.0005490780
13710,0.0005189681
13720,0.0005269694
13730,0.0005353141
13740,0.0005415273
13750,0.0005179501
13760,0.0005544138
13770,0.0005169368
13780,0.0005463862
13790,0.0005163479
13800,0.0005295563
13810,0.0005451512
13820,0.0005213332
13830,0.0005478334
13840,0.0005437779
13850,0.0005250573
13860,0.0005217695
13870,0.0005543733
13880,0.0005231380
13890,0.0005464506
13900,0.0005254197
13910,0.0005206990
13920,0.0005703783
13930,0.0005359626
13940,0.0005762839
13950,0.0005240798
13960,0.0005725074
13970,0.0005443025
13980,0.0005308270
13990,0.0005590606
14000,0.0005395865
14010,0.0005247545
14020,0.0005303502
14030,0.0005596185
14040,0.0005348659
14050,0.0005615902
14060,0.0005282450
14070,0.0005280805
14080,0.0005296564
14090,0.0005861735
14100,0.0005301666
14110,0.0005327344
14120,0.0005643296
14130,0.0005274391
14140,0.0005277014
14150,0.0005570745
14160,0.0005699992
14170,0.0005437875
14180,0.0005448103
14190,0.0005341053
14200,0.0005662632
14210,0.0005438113
14220,0.0005516148
14230,0.0005394459
14240,0.0005824018
14250,0.0005410337
14260,0.0005429530
14270,0.0005412555
14280,0.0005766940
14290,0.0005611038
14300,0.0005407429
14310,0.0005697966
14320,0.0005845261
14330,0.0005633307
14340,0.0005812049
14350,0.0005451035
14360,0.0005478930
14370,0.0005435300
14380,0.0005484772
14390,0.0005644107
14400,0.0005697608
14410,0.0005472374
14420,0.0005466247
14430,0.0005484438
14440,0.0005445147
14450,0.0006002831
14460,0.0005458760
14470,0.0005749846
14480,0.0005825853
14490,0.0005456328
14500,0.0005802321
14510,0.0005475760
14520,0.0005436659
14530,0.0005488610
14540,0.0005929208
14550,0.0005721593
14560,0.0005458331
14570,0.0005518579
14580,0.0005495167
14590,0.0005876589
14600,0.0005939889
14610,0.0006157160
14620,0.0005862641
14630,0.0005644369
14640,0.0005670619
14650,0.0005870104
14660,0.0005605507
14670,0.0005717158
14680,0.0005685353
14690,0.0005580544
14700,0.0005856657
14710,0.0005792141
14720,0.0005929708
14730,0.0005588365
14740,0.0005830193
14750,0.0005798936
14760,0.0005659413
14770,0.0005810308
14780,0.0005627275
14790,0.0005606580
14800,0.0005931616
14810,0.0005808759
14820,0.0005619264
14830,0.0005620909
14840,0.0005932546
14850,0.0005640197
14860,0.0005636597
14870,0.0005787849
14880,0.0005706501
14890,0.0005621290
14900,0.0005908251
14910,0.0006184292
14920,0.0005787444
14930,0.0006050491
14940,0.0005919480
14950,0.0005718422
14960,0.0005736136
14970,0.0005633521
14980,0.0005647469
14990,0.0005969429
15000,0.0005662918
15010,0.0005678344
15020,0.0006162906
15030,0.0005647779
15040,0.0005914617
15050,0.0005686903
15060,0.0005662155
15070,0.0005685449
15080,0.0006232977
15090,0.0005736446
15100,0.0005716348
15110,0.0006064963
15120,0.0006109381
15130,0.0005863476
15140,0.0005927444
15150,0.0005999374
15160,0.0005773306
15170,0.0005693483
15180,0.0006301904
15190,0.0005901647
15200,0.0006171703
15210,0.0005758238
15220,0.0006008053
15230,0.0005775309
15240,0.0006079030
15250,0.0005985999
15260,0.0005777264
15270,0.0005756807
15280,0.0006233525
15290,0.0006069303
15300,0.0005826116
15310,0.0005806661
15320,0.0006084538
15330,0.0005816960
15340,0.0005790114
15350,0.0006048679
15360,0.0005802703
15370,0.0006071830
15380,0.0005797648
15390,0.0005829144
15400,0.0005804682
15410,0.0005811620
15420,0.0006015301
15430,0.0005809021
15440,0.0006138229
15450,0.0005870414
15460,0.0005802798
15470,0.0005819726
15480,0.0006615210
15490,0.0005984092
15500,0.0006203771
15510,0.0006429029
15520,0.0005975866
15530,0.0005920863
15540,0.0005906105
15550,0.0006236768
15560,0.0005903649
15570,0.0005902863
15580,0.0006141305
15590,0.0005928326
15600,0.0005902600
15610,0.0006185603
15620,0.0006171083
15630,0.0005937743
15640,0.0005883980
15650,0.0006213856
15660,0.0006186819
15670,0.0006263828
15680,0.0006101441
15690,0.0006198835
15700,0.0005990148
15710,0.0006206226
15720,0.0006198621
15730,0.0006115937
15740,0.0006324410
15750,0.0005956554
15760,0.0006199098
15770,0.0005984592
15780,0.0006564403
15790,0.0005976224
15800,0.0006002831
15810,0.0005990171
15820,0.0006318855
15830,0.0006125140
15840,0.0006058836
15850,0.0006194448
15860,0.0006313324
15870,0.0006230974
15880,0.0006362295
15890,0.0006281972
15900,0.0006031418
15910,0.0006338358
15920,0.0006297064
15930,0.0006016207
15940,0.0006040931
15950,0.0005975533
15960,0.0006581640
15970,0.0006425953
15980,0.0006091595
15990,0.0006043124
16000,0.0006072950
16010,0.0006259847
16020,0.0006040907
16030,0.0006558704
16040,0.0006471968
16050,0.0006067276
16060,0.0006062078
16070,0.0006399655
16080,0.0006082010
16090,0.0006143355
16100,0.0006093717
16110,0.0006116176
16120,0.0006618905
16130,0.0006152964
16140,0.0006324458
16150,0.0006149340
16160,0.0006248569
16170,0.0006340146
16180,0.0006407428
16190,0.0006169724
16200,0.0006092453
16210,0.0006441665
16220,0.0006311703
16230,0.0006536341
16240,0.0006351614
16250,0.0006174445
16260,0.0006125975
16270,0.0006637073
16280,0.0006157231
16290,0.0006130481
16300,0.0006183696
16310,0.0006481266
16320,0.0006443214
16330,0.0006467175
16340,0.0006450987
16350,0.0006188178
16360,0.0006550789
16370,0.0006400132
16380,0.0006224704
16390,0.0006928873
16400,0.0006720972
16410,0.0006831169
16420,0.0007100391
16430,0.0006811166
16440,0.0007066226
16450,0.0006877828
16460,0.0006976676
16470,0.0006834626
16480,0.0006791234
16490,0.0007065654
16500,0.0006716967
16510,0.0006982660
16520,0.0006742191
16530,0.0006751633
16540,0.0006827497
16550,0.0007462144
16560,0.0007084346
16570,0.0007069540
16580,0.0006933904
16590,0.0006882739
16600,0.0006772423
16610,0.0007104731
16620,0.0006767726
16630,0.0007116842
16640,0.0007160068
16650,0.0006835794
16660,0.0006832361
16670,0.0007216430
16680,0.0007110095
16690,0.0006832743
16700,0.0006903219
16710,0.0007029843
16720,0.0006970406
16730,0.0007192397
16740,0.0007039142
16750,0.0007344103
16760,0.0007169294
16770,0.0006821871
16780,0.0006844902
16790,0.0006851339
16800,0.0007218599
16810,0.0006905031
16820,0.0007020903
16830,0.0007340813
16840,0.0006860137
16850,0.0007209277
16860,0.0006855893
16870,0.0007113695
16880,0.0006868029
16890,0.0006877375
16900,0.0006881809
16910,0.0006910634
16920,0.0007338047
16930,0.0006963110
16940,0.0007154846
16950,0.0007133985
16960,0.0007125235
16970,0.0006900263
16980,0.0006943798
16990,0.0007459760
17000,0.0007376647
17010,0.0007155633
17020,0.0007089233
17030,0.0006966043
17040,0.0007325768
17050,0.0007191420
17060,0.0007220888
17070,0.0007018781
17080,0.0007468104
17090,0.0007177258
17100,0.0007192397
17110,0.0007255125
17120,0.0006972003
17130,0.0006980348
17140,0.0007334185
17150,0.0007339144
17160,0.0007039547
17170,0.0006994414
17180,0.0007410359
17190,0.0007077169
17200,0.0007473254
17210,0.0007117820
17220,0.0007082748
17230,0.0007161498
17240,0.0007033753
17250,0.0007127905
17260,0.0007264018
17270,0.0007267261
17280,0.0007050204
17290,0.0007093072
17300,0.0007397008
17310,0.0007097149
17320,0.0007262182
17330,0.0007363868
17340,0.0007338500
17350,0.0007421327
17360,0.0007391572
17370,0.0007128906
17380,0.0007135272
17390,0.0007656717
17400,0.0007112789
17410,0.0007121325
17420,0.0007479930
17430,0.0007319403
17440,0.0007284117
17450,0.0008039808
17460,0.0007410955
17470,0.0007149458
17480,0.0007681322
17490,0.0007115507
17500,0.0007223606
17510,0.0007511330
17520,0.0007237434
17530,0.0007519603
17540,0.0007779956
17550,0.0007556009
17560,0.0007210398
17570,0.0007386398
17580,0.0007323694
17590,0.0007603574
17600,0.0007453132
17610,0.0007557225
17620,0.0007236290
17630,0.0007548285
17640,0.0007709002
17650,0.0007247829
17660,0.0007550550
17670,0.0007447934
17680,0.0007544589
17690,0.0007209325
17700,0.0007229233
17710,0.0007475042
17720,0.0007463217
17730,0.0007560825
17740,0.0007224512
17750,0.0007589793
17760,0.0007551527
17770,0.0007303548
17780,0.0007547688
17790,0.0007365274
17800,0.0007523227
17810,0.0007408452
17820,0.0007861996
17830,0.0007689977
17840,0.0007593727
17850,0.0007666779
17860,0.0007360673
17870,0.0007577586
17880,0.0007450366
17890,0.0008065534
17900,0.0007755041
17910,0.0007697749
17920,0.0007396483
17930,0.0007514167
17940,0.0007626557
17950,0.0007361364
17960,0.0007412887
17970,0.0007420611
17980,0.0007659340
17990,0.0007363605
18000,0.0007428455
18010,0.0007630682
18020,0.0007835603
18030,0.0007407951
18040,0.0007584262
18050,0.0007409215
18060,0.0007518363
18070,0.0008139420
18080,0.0007358885
18090,0.0007745028
18100,0.0007399368
18110,0.0007891297
18120,0.0007473087
18130,0.0007392550
18140,0.0007643652
18150,0.0007638550
18160,0.0007778072
18170,0.0007924533
18180,0.0007529473
18190,0.0007821727
18200,0.0007703924
18210,0.0007573390
18220,0.0007607627
18230,0.0007642937
18240,0.0007456589
18250,0.0007795501
18260,0.0007848740
18270,0.0007841921
18280,0.0007450438
18290,0.0008132815
18300,0.0007821965
18310,0.0008159471
18320,0.0008071470
18330,0.0008172822
18340,0.0007921243
18350,0.0007914662
18360,0.0007652283
18370,0.0007733560
18380,0.0007534075
18390,0.0007837820
18400,0.0007552481
18410,0.0007666492
18420,0.0007629848
18430,0.0007860136
18440,0.0007940984
18450,0.0007559824
18460,0.0008134437
18470,0.0007581258
18480,0.0007727933
18490,0.0007948494
18500,0.0007803345
18510,0.0007937574
18520,0.0007810545
18530,0.0008198881
18540,0.0007611752
18550,0.0008166933
18560,0.0007636166
18570,0.0007993674
18580,0.0007668972
18590,0.0007886362
18600,0.0008228660
18610,0.0007817769
18620,0.0007836676
18630,0.0007920432
18640,0.0007721114
18650,0.0008010125
18660,0.0007933593
18670,0.0007768178
18680,0.0008206272
18690,0.0007724619
18700,0.0007612681
18710,0.0008180523
18720,0.0008209252
18730,0.0007982492
18740,0.0007672358
18750,0.0007672501
18760,0.0007992172
18770,0.0007682300
18780,0.0007979941
18790,0.0007729793
18800,0.0007919335
18810,0.0007723999
18820,0.0008036923
18830,0.0007816625
18840,0.0007804871
18850,0.0008240342
18860,0.0007923222
18870,0.0007861614
18880,0.0007979274
18890,0.0008564806
18900,0.0007769251
18910,0.0007773519
18920,0.0008055067
18930,0.0007793808
18940,0.0007883048
18950,0.0008090615
18960,0.0008004379
18970,0.0008096027
18980,0.0007791400
18990,0.0008039999
19000,0.0008050179
19010,0.0008264852
19020,0.0008041978
19030,0.0007786512
19040,0.0008085656
19050,0.0007805634
19060,0.0008018017
19070,0.0007820225
19080,0.0008261156
19090,0.0007784605
19100,0.0008033466
19110,0.0008115745
19120,0.0008062148
19130,0.0008083200
19140,0.0008156323
19150,0.0008140397
19160,0.0007875204
19170,0.0008161712
19180,0.0008124638
19190,0.0008139849
19200,0.0008133125
19210,0.0008306646
19220,0.0008040547
19230,0.0008361793
19240,0.0007845759
19250,0.0008349013
19260,0.0007903600
19270,0.0008328199
19280,0.0008263540
19290,0.0008400869
19300,0.0008050776
19310,0.0008133030
19320,0.0008155131
19330,0.0008182526
19340,0.0008285904
19350,0.0008191895
19360,0.0008256865
19370,0.0008155131
19380,0.0007962990
19390,0.0008280182
19400,0.0007979918
19410,0.0008156180
19420,0.0007945538
19430,0.0008221054
19440,0.0007937670
19450,0.0007927418
19460,0.0008146048
19470,0.0007951832
19480,0.0008239174
19490,0.0007961464
19500,0.0008057046
19510,0.0008024788
19520,0.0008158994
19530,0.0008744645
19540,0.0008515286
19550,0.0008308148
19560,0.0008373857
19570,0.0008229733
19580,0.0008031011
19590,0.0007993960
19600,0.0008332396
19610,0.0008234835
19620,0.0008568311
19630,0.0008127284
19640,0.0008480477
19650,0.0008062196
19660,0.0008043313
19670,0.0008785820
19680,0.0008169913
19690,0.0008671618
19700,0.0008371854
19710,0.0008230758
19720,0.0008355522
19730,0.0008375287
19740,0.0008397460
19750,0.0008025146
19760,0.0008367610
19770,0.0008380723
19780,0.0008441877
19790,0.0008078527
19800,0.0008351254
19810,0.0008088160
19820,0.0008374381
19830,0.0008030844
19840,0.0008281302
19850,0.0008330584
19860,0.0008377385
19870,0.0008333206
19880,0.0008477545
19890,0.0008480835
19900,0.0008294177
19910,0.0008370113
19920,0.0008317041
19930,0.0008744431
19940,0.0008889437
19950,0.0008212018
19960,0.0008284092
19970,0.0008585262
19980,0.0008557081
19990,0.0008763385
20000,0.0008479285
